{
  "train": {
    "accuracy": 0.838,
    "precision": 0.818,
    "recall": 0.871,
    "f1": 0.843,
    "roc_auc": 0.894
  },
  "test": {
    "accuracy": 0.838,
    "precision": 0.818,
    "recall": 0.871,
    "f1": 0.843,
    "roc_auc": 0.894
  },
  "cv": {
    "accuracy": {
      "mean": 0.8216501546890868,
      "std": 0.006889119282370744
    },
    "precision": {
      "mean": 0.8017547276684148,
      "std": 0.006904932662514043
    },
    "recall": {
      "mean": 0.8566836918949594,
      "std": 0.0186532258544419
    },
    "f1": {
      "mean": 0.8281953601743535,
      "std": 0.00806964583945934
    },
    "roc_auc": {
      "mean": 0.8937287296671966,
      "std": 0.004076273470169603
    }
  }
}