{
  "train": {
    "accuracy": 0.8904338869576413,
    "precision": 0.953030303030303,
    "recall": 0.9009942703067071,
    "f1": 0.9262820512820513,
    "roc_auc": 0.9538445702325509
  },
  "test": {
    "accuracy": 0.8656024716786818,
    "precision": 0.9321554770318021,
    "recall": 0.8888140161725068,
    "f1": 0.9099689548120041,
    "roc_auc": 0.9210426132016619
  },
  "cv": {
    "accuracy": {
      "mean": 0.8731591640447031,
      "std": 0.0035691843974266953
    },
    "precision": {
      "mean": 0.9410096931003504,
      "std": 0.0043147938550022165
    },
    "recall": {
      "mean": 0.8897947503399933,
      "std": 0.00480720471920511
    },
    "f1": {
      "mean": 0.914669380928465,
      "std": 0.002466439787164714
    },
    "roc_auc": {
      "mean": 0.9306707806833436,
      "std": 0.006551110829516731
    }
  }
}